{
	"$schema": "http://bigcontent.io/cms/schema/v1/schema#",
	"id": "https://dev-solutions.s3.amazonaws.com/DynamicContentTypes/Accelerators/video.json",
	"title": "Video Accelerator",
	"description": "Video Accelerator",
	"allOf": [{
		"$ref": "http://bigcontent.io/cms/schema/v1/core#/definitions/content"
	}],
	"propertyOrder": ["video"],
	"type": "object",
	"properties": {
		"video": {
			"title": "video",
			"type": "object",
			"anyOf": [{
				"$ref": "http://bigcontent.io/cms/schema/v1/core#/definitions/video-link"
			}]
		}
	}
}
