{
  "$schema": "http://bigcontent.io/cms/schema/v1/schema#",
  "id": "https://dev-solutions.s3.amazonaws.com/DynamicContentTypes/Accelerators/card.json",
  "title": "Card Accelerator",
  "description": "Card Accelerator",
  "allOf": [
    {
      "$ref": "http://bigcontent.io/cms/schema/v1/core#/definitions/content"
    }
  ],
  "propertyOrder": [
    "cardImage",
    "cardName",
    "description",
    "textBackgroundColour",
    "linkValue",
    "link"
  ],
  "type": "object",
  "properties": {
    "cardImage": {
      "type": "object",
      "allOf": [
        {
          "$ref": "http://bigcontent.io/cms/schema/v1/core#/definitions/content-link"
        },
        {
          "properties": {
            "contentType": {
              "title": "image",
              "enum": [
                "https://dev-solutions.s3.amazonaws.com/DynamicContentTypes/Accelerators/image.json"
              ]
            }
          }
        }
      ],
      "title": "Card Image",
      "description": "Select or create an image content"
    },
    "cardName": {
      "type": "string",
      "minLength": 0,
      "maxLength": 150,
      "title": "Card name",
      "description": ""
    },
    "description": {
      "type": "string",
      "minLength": 0,
      "maxLength": 200,
      "title": "Description",
      "description": ""
    },
    "textBackgroundColour": {
      "type": "string",
      "minLength": 3,
      "maxLength": 6,
      "title": "Text Background Colour",
      "description": "Insert a hex code for background colour of the text area when hovered over"
    },
    "link": {
      "title": "Link",
      "description": "add Link",
      "type": "object",
      "allOf": [
        {
          "$ref": "https://dev-solutions.s3.amazonaws.com/DynamicContentTypes/Accelerators/link.json"
        }
      ]
    }
  }
}
