{
	"$schema": "http://bigcontent.io/cms/schema/v1/schema#",
	"id": "https://dev-solutions.s3.amazonaws.com/DynamicContentTypes/Accelerators/blog.json",

	"title": "Blog Accelerator",
	"description": "Blog Accelerator",

	"allOf": [{
		"$ref": "http://bigcontent.io/cms/schema/v1/core#/definitions/content"
	}],

	"propertyOrder": ["snippet","title","keywords","content"],

	"type": "object",
	"properties": {
		"snippet": {
			"type": "object",
			"title": "Snippet",
			"description": "",
			"allOf": [{
				"$ref": "https://dev-solutions.s3.amazonaws.com/DynamicContentTypes/Accelerators/snippet.json"
			}]
		},

		"title": {
			"type": "string",
			"minLength": 0,
			"maxLength": 255,
			"title": "Title",
			"description": ""
		},

		"content": {
			"type": "array",
			"items": {
				"allOf": [{
						"$ref": "http://bigcontent.io/cms/schema/v1/core#/definitions/content-link"
					},
					{
						"properties": {
							"contentType": {
								"title": "Content",
								"enum": [
									"https://dev-solutions.s3.amazonaws.com/DynamicContentTypes/Accelerators/banner.json",
									"https://dev-solutions.s3.amazonaws.com/DynamicContentTypes/Accelerators/image.json",
									"https://dev-solutions.s3.amazonaws.com/DynamicContentTypes/Accelerators/video.json",
									"https://dev-solutions.s3.amazonaws.com/DynamicContentTypes/Accelerators/text.json",
									"https://dev-solutions.s3.amazonaws.com/DynamicContentTypes/Accelerators/cardlist.json",
									"https://dev-solutions.s3.amazonaws.com/DynamicContentTypes/Accelerators/blog.json"
								]
							}
						}
					}
				]
			},
			"minItems": 0,
			"maxItems": 20,
			"title": "Content",
			"description": ""
		}
	}
}
