{
	"$schema": "http://bigcontent.io/cms/schema/v1/schema#",
	"id": "https://dev-solutions.s3.amazonaws.com/DynamicContentTypes/Accelerators/link.json",

	"title": "Link Accelerator",
	"description": "Link Accelerator",

	"propertyOrder": ["label", "value"],

	"allOf": [{
		"$ref": "http://bigcontent.io/cms/schema/v1/core#/definitions/content"
	}],

	"type": "object",
	"properties": {
		"label": {
			"type": "string",
			"minLength": 0,
			"maxLength": 255,
			"title": "Label",
			"description": ""
		},
		"value": {
			"type": "string",
			"minLength": 0,
			"maxLength": 2000,
			"title": "Value",
			"description": "A relative URL, absolute URL or an ID"
		}
	}

}
