{
  "$schema": "http://bigcontent.io/cms/schema/v1/schema#",
  "id": "https://dev-solutions.s3.amazonaws.com/DynamicContentTypes/Accelerators/promobanner.json",
  "title": "Promotional Banner",
  "description": "Promotional banner",
  "allOf": [
    {
      "$ref": "http://bigcontent.io/cms/schema/v1/core#/definitions/content"
    }
  ],
  "type": "object",
  "properties": {
    "bannerSection": {
      "type": "array",
      "items": {
        "allOf": [
          {
            "$ref": "http://bigcontent.io/cms/schema/v1/core#/definitions/content-link"
          },
          {
            "properties": {
              "contentType": {
                "title": "Promo section",
                "enum": [
                  "https://dev-solutions.s3.amazonaws.com/DynamicContentTypes/Accelerators/promobannersection.json"
                ]
              }
            }
          }
        ]
      },
      "minItems": 1,
      "maxItems": 3
    }
  }
}