{
  "$schema": "http://json-schema.org/schema#",
  "id": "http://schema.cms.amplience.com/{{self.id}}",
  "meta": {
    "name": "Promo Banner Section",
    "description": "",
    "context": "http://context.cms.amplience.com/{{self.context.id}}",
    "icons": [
      {
        "size": 256,
        "url": "http://solutions.adis.ws.s3.amazonaws.com/ca/icons/promobannersectionicon.png"
      }
    ],
    "card": {
      "uri": "//apps.dev-artifacts.adis.ws/cms-cards/master/latest/gallery/index.html",
      "mapping": {
        "headline": "/_title",
        "image0": "/icon"
      }
    }
  },
  "allOf": [
    {
      "$ref": "#/definitions/self"
    },
    {
      "$ref": "http://schema.system.cms.amplience.com/v0.0#/content-base"
    }
  ],
  "definitions": {
    "self": {
      "type": "object",
      "properties": {
        "icon": {
          "type": "object",
          "allOf": [
            {
              "$ref": "http://schema.system.cms.amplience.com/v0.0#/di-asset-link"
            },
            {
              "properties": {
                "mediaType": {
                  "enum": [
                    "image"
                  ]
                }
              }
            }
          ],
          "_label": {
            "value": "Icon",
            "hint": ""
          },
          "_semanticType": "http://semantic-type.cms.amplience.com/asset"
        },
        "topLine": {
          "type": "string",
          "minLength": 0,
          "maxLength": 12,
          "_label": {
            "value": "Top Line",
            "hint": "",
            "validation": ""
          },
          "_semanticType": "http://semantic-type.cms.amplience.com/text"
        },
        "bottomLine": {
          "type": "string",
          "minLength": 0,
          "maxLength": 15,
          "_label": {
            "value": "Bottom Line",
            "hint": "",
            "validation": ""
          },
          "_semanticType": "http://semantic-type.cms.amplience.com/text"
        },
        "link": {
          "type": "string",
          "format": "uri",
          "_label": {
            "value": "Link",
            "hint": "",
            "validation": ""
          },
          "_semanticType": "http://semantic-type.cms.amplience.com/text"
        }
      },
      "required": []
    }
  }
}